<?xml version="1.0" encoding="UTF-8" standalone="yes"?>
<addon id="script.module.metadatautils"
       name="Metadata and Artwork module"
       version="1.0.28"
       provider-name="marcelveldt">
    <requires>
      <import addon="xbmc.python" version="3.0.0"/>
      <import addon="xbmc.metadata" version="2.1.0"/>
      <import addon="script.module.requests" version="2.22.0+matrix.1"/>
      <import addon="script.module.beautifulsoup4" version="4.3.1"/>
      <import addon="script.module.thetvdb" version="1.0.27" />
        <import addon="script.module.musicbrainz" version="0.6.0" />
        <import addon="script.module.simplecache" version="1.0.18"/>
        <import addon="script.module.arrow" version="0.15.5+matrix.1"/>
    </requires>
    <extension point="xbmc.python.module" library="lib" />
    <extension point="xbmc.addon.metadata">
        <summary>Metadata and artwork from common sources like TMDB, IMDB, TADB and fanart.tv </summary>
        <description>
            The metadata and artwork module for Kodi provides rich metadata, including artwork for 
            various metatypes by scraping (and caching) this information from sites like TMDB, musicbrainz and fanart.tv.
        </description>
        <license>Apache 2.0</license>
        <source>https://github.com/marcelveldt/script.module.metadatautils</source>
        <platform>all</platform>
    </extension>
</addon>
