<?xml version="1.0" encoding="UTF-8"?>
<addon id="skin.titan" version="3.8.8" name="Titan" provider-name="marcelveldt,mgonzales">
	<requires>
		<import version="5.15.0" addon="xbmc.gui"/>		
		<import addon="script.skinshortcuts" version="0.6.5"/>
		<import addon="script.skin.helper.service" version="1.0.0"/>
        <import addon="script.skin.helper.widgets" version="1.0.0"/>
        <import addon="script.skin.helper.backgrounds" version="1.0.0"/>
        <import addon="resource.uisounds.titan.modern" version="1.0.0"/>
        <import addon="resource.images.skinbackgrounds.titanium" version="1.0.0"/>
        <import addon="resource.images.skinicons.wide" version="1.0.0"/>
        <import addon="resource.images.backgroundoverlays.basic" version="1.0.0"/>
	</requires>
	<extension point="xbmc.gui.skin" debugging="false">		
		<res width="1920" height="1080" aspect="16:9" default="true" folder="1080i" />
		<res width="1920" height="1200" aspect="16:10" default="false" folder="1080i" />
	</extension>
	<extension point="xbmc.addon.metadata">
		<summary lang="bg_BG">Обликът "Titan" за MediaPortal адаптиран за Kodi, с много добавени функции.</summary>
		<summary lang="de_DE">MediaPortal's Titan Skin portiert für Kodi mit jeder Menge neuer Funktionen und einer vollständigen MediaBrowser Integration.</summary>
		<summary lang="en_AU">MediaPortal's Titan skin ported to Kodi enriched with lot's of features.</summary>
		<summary lang="en_GB">MediaPortal's Titan skin ported to Kodi enriched with lot's of features.</summary>
		<summary lang="en_NZ">MediaPortal's Titan skin ported to Kodi enriched with lot's of features.</summary>
		<summary lang="en_US">MediaPortal's Titan skin ported to Kodi enriched with lot's of features.</summary>
		<summary lang="es_ES">El skin Titan de MediaPortal, portado a Kodi y enriquecido con muchas funciones.</summary>
		<summary lang="fi_FI">Perustuu MediaPortalin Titan-ulkoasuun.</summary>
		<summary lang="fr_FR">L'habillage Titan de MediaPortal adapté à Kodi et enrichi avec de nombreuses fonctionnalités</summary>
		<summary lang="he_IL">המעטפת Titan שבמקור נוצרה עבור MediaPortal, שודרגה ביכולות רבות ושילוב מלא של MediaBrowser.</summary>
		<summary lang="hr_HR">MediaPortal Titan presvlaka prebačena na Kodi i obogaćena s puno dodatnih mogućnosti.</summary>
		<summary lang="hu_HU">A MediaPortal Titan felszínének Kodi portja rengeteg funkcióval kiegészítve.</summary>
		<summary lang="it_IT">La skin di MediaPortal Titan arriva su Kodi arricchita con molte feature e piena integrazione di MediaBrowser</summary>
		<summary lang="lt_LT">MediaPortal'o Titan teminė išvaizda perkelta į Kodi ir papildyta daugybe funkcijų bei pilna MediaBrowser integracija.</summary>
		<summary lang="ms_MY">Kulit Titan MediaPortal diport ke Kodi ditambahbaik dengan pelbagai fitur.</summary>
		<summary lang="nl_NL">De Titanskin van MediaPortal is geconverteerd naar Kodi en verrijkt met talloze functionaliteiten</summary>
		<summary lang="pl_PL">Skóra Titan przeniesiona z programu MediaPortal do Kodi wzbogacona o dodatkowe funkcje.</summary>
		<summary lang="pt_BR">A skin Titan portada do MediaPortal para o Kodi foi enriquecida com várias funcionalidades.</summary>
		<summary lang="ru_RU">Обложка Titan была портирована с MediaPortal на Kodi и обзавелась множеством новых возможностей</summary>
		<summary lang="sr_RS">Titan маска MediaPortala портована за Kodi обогаћена са доста карактеристика.</summary>
		<summary lang="sr_RS@latin">Titan maska MediaPortala portovana za Kodi obogaćena sa dosta karakteristika.</summary>
		<summary lang="tr_TR">MediaPortal'ın Titan dış görünümü, pek çok özellikle zenginleştirilerek Kodi'ye aktarıldı.</summary>
		<summary lang="zh_CN">MediaPortal's Titan 皮肤富含大量的功能。</summary>
		<platform>all</platform>
		<license>GPL v2.0</license>
		<forum>http://forum.kodi.tv/forumdisplay.php?fid=212</forum>
		<website>http://forum.kodi.tv/forumdisplay.php?fid=212</website>
		<email></email>
		<source>https://github.com/marcelveldt/skin.titan</source>
		<assets>
			<icon>icon.png</icon>
			<fanart>fanart.jpg</fanart>
			<screenshot>_screenshots/screenshot000.jpg</screenshot>
			<screenshot>_screenshots/screenshot001.jpg</screenshot>
			<screenshot>_screenshots/screenshot002.jpg</screenshot>
			<screenshot>_screenshots/screenshot003.jpg</screenshot>
			<screenshot>_screenshots/screenshot004.jpg</screenshot>
			<screenshot>_screenshots/screenshot005.jpg</screenshot>
			<screenshot>_screenshots/screenshot006.jpg</screenshot>
			<screenshot>_screenshots/screenshot007.jpg</screenshot>
			<screenshot>_screenshots/screenshot008.jpg</screenshot>
			<screenshot>_screenshots/screenshot009.jpg</screenshot>
		</assets>
		<news>
            Follow the forum thread about the latest news for the skin.
            Also have a look at the Trello board to be informed about the skin development:
            https://trello.com/b/VPlkyvMp/titan-skin
        </news>
	</extension>
</addon>
