<?xml version="1.0" encoding="UTF-8" standalone="yes"?>
<addon id="script.module.simplecache" name="Simple Cache Module" version="1.0.18" provider-name="marcelveldt">
    <requires>
      <import addon="xbmc.python" version="3.0.0"/>
    </requires>
    <extension point="xbmc.python.module" library="lib" />
    <extension point="xbmc.addon.metadata">
        <summary lang="en_GB">Provides a simple file- and memory based cache for Kodi addons</summary>
        <description lang="en_GB">Provides a simple file- and memory based cache for Kodi addons</description>
	    <news>v1.0.18 (2019-12-23)[CR]- small fixes[CR][CR]v1.0.17 (2019-08-16)[CR]- Python 2/3 compatiblity[CR][CR]v1.0.16 (2018-03-30)[CR]- Final update from marcelveldt</news>
        <platform>all</platform>
        <license>Apache 2.0</license>
        <forum/>
        <source>https://github.com/kodi-community-addons/script.module.simplecache</source>
        <assets>
            <icon>resources/icon.png</icon>
        </assets>
    </extension>
</addon>
